{
  "model_name": "dog-nose-identification2:s101_224",
  "vector_dim": 2048,
  "device": "cpu",
  "model_path": "/models/dog_nose_identification2/logs/s101_224/model_final.pth",
  "image_size": 224,
  "dataset_dir": "/models/dog_nose_identification2/dir_train",
  "dog_count": 50,
  "image_count": 250,
  "images_per_dog_requested": 5,
  "selected_dog_ids": [
    "1771",
    "1772",
    "1773",
    "1774",
    "1775",
    "1776",
    "1777",
    "1778",
    "1779",
    "1780",
    "1781",
    "1782",
    "1783",
    "1784",
    "1785",
    "1786",
    "1787",
    "1788",
    "1789",
    "1790",
    "1791",
    "1792",
    "1793",
    "1794",
    "1795",
    "1796",
    "1797",
    "1798",
    "1799",
    "1800",
    "1801",
    "1802",
    "1803",
    "1804",
    "1805",
    "1806",
    "1807",
    "1808",
    "1809",
    "1810",
    "1811",
    "1812",
    "1813",
    "1814",
    "1815",
    "1816",
    "1817",
    "1818",
    "1820",
    "1821"
  ],
  "pairwise_summary": {
    "A_same_file": {
      "count": 50,
      "mean": 1.0000000081920002,
      "min": 0.9999996994,
      "max": 1.0000003199,
      "std": 1.2437403240940208e-07,
      "p01": 0.9999997385999999,
      "p05": 0.9999998232549999,
      "p10": 0.99999984736,
      "p25": 0.999999919875,
      "p50": 1.0000000048,
      "p75": 1.000000099825,
      "p90": 1.0000001457699998,
      "p95": 1.000000202785,
      "p99": 1.000000272566
    },
    "B_same_dog_different_images": {
      "count": 500,
      "mean": 0.8675991191650008,
      "min": 0.7119189327,
      "max": 0.9835616257,
      "std": 0.062005937652217735,
      "p01": 0.736687778522,
      "p05": 0.769777016705,
      "p10": 0.7901278363500001,
      "p25": 0.8181722199999999,
      "p50": 0.864953582,
      "p75": 0.9244841849000001,
      "p90": 0.95405957431,
      "p95": 0.963490066215,
      "p99": 0.9770906037729999
    },
    "C_different_dogs": {
      "count": 30625,
      "mean": 0.14940563847605312,
      "min": -0.189082869,
      "max": 0.5893167632,
      "std": 0.11214824528819659,
      "p01": -0.0860953857,
      "p05": -0.02606581416,
      "p10": 0.00681453018,
      "p25": 0.0681064268,
      "p50": 0.1463153734,
      "p75": 0.224136018,
      "p90": 0.29796430874000013,
      "p95": 0.33975812492,
      "p99": 0.4212857869319996
    }
  },
  "multi_reference_summary": {
    "positive_same_dog": {
      "single_reference_score": {
        "count": 100,
        "mean": 0.840716870933,
        "min": 0.7348371836,
        "max": 0.956533634,
        "std": 0.05073949644334723,
        "p01": 0.744999612998,
        "p05": 0.7624285669799999,
        "p10": 0.7775436344300001,
        "p25": 0.8045314727249999,
        "p50": 0.8337484577500001,
        "p75": 0.8755656077999999,
        "p90": 0.9136089191,
        "p95": 0.92751238623,
        "p99": 0.9431331921980001
      },
      "centroid_score": {
        "count": 100,
        "mean": 0.8989785200559999,
        "min": 0.7912776705,
        "max": 0.9750527496,
        "std": 0.04315398397845691,
        "p01": 0.7925461377,
        "p05": 0.8159072247200001,
        "p10": 0.82994892372,
        "p25": 0.879624046425,
        "p50": 0.902335053,
        "p75": 0.9315869776,
        "p90": 0.95208360201,
        "p95": 0.9622415073499999,
        "p99": 0.9735767878050001
      },
      "max_reference_score": {
        "count": 100,
        "mean": 0.9061009822659999,
        "min": 0.7686794842,
        "max": 0.979096989,
        "std": 0.057375748237851146,
        "p01": 0.779569033156,
        "p05": 0.7975404882549999,
        "p10": 0.81706794341,
        "p25": 0.8665231634750001,
        "p50": 0.92604825345,
        "p75": 0.952763748975,
        "p90": 0.9650299146900001,
        "p95": 0.9688603017,
        "p99": 0.9788935942920001
      },
      "top2_average_score": {
        "count": 100,
        "mean": 0.8780028955749999,
        "min": 0.756890874,
        "max": 0.9690804079,
        "std": 0.04807093571875413,
        "p01": 0.77279172732,
        "p05": 0.792230696015,
        "p10": 0.80877115549,
        "p25": 0.8511950861,
        "p50": 0.8766863949,
        "p75": 0.9163418883500001,
        "p90": 0.9341447646,
        "p95": 0.946600145895,
        "p99": 0.9687602171499999
      },
      "centroid_plus_max_score": {
        "count": 100,
        "mean": 0.9025397511680001,
        "min": 0.7854783496,
        "max": 0.9770748693,
        "std": 0.048493609503090236,
        "p01": 0.786642401896,
        "p05": 0.80859041037,
        "p10": 0.82417706503,
        "p25": 0.877210711325,
        "p50": 0.9176336323000001,
        "p75": 0.940696414975,
        "p90": 0.95463242036,
        "p95": 0.9593961630850001,
        "p99": 0.97294451109
      }
    },
    "negative_different_dogs": {
      "single_reference_score": {
        "count": 4900,
        "mean": 0.15028932130042866,
        "min": -0.1733552714,
        "max": 0.5538056817,
        "std": 0.11184900783395459,
        "p01": -0.0810926193,
        "p05": -0.02185103062,
        "p10": 0.00842662211000001,
        "p25": 0.067646422625,
        "p50": 0.14806204225,
        "p75": 0.22390973520000002,
        "p90": 0.29925108614,
        "p95": 0.34068408639500003,
        "p99": 0.42247380202100004
      },
      "centroid_score": {
        "count": 4900,
        "mean": 0.15564889019504147,
        "min": -0.1748092314,
        "max": 0.5776729186,
        "std": 0.11513504460907517,
        "p01": -0.08790300008600001,
        "p05": -0.023650626039999997,
        "p10": 0.009031281070000004,
        "p25": 0.07188080995,
        "p50": 0.15355061944999998,
        "p75": 0.2319461953,
        "p90": 0.3076447966000001,
        "p95": 0.3508014862,
        "p99": 0.43019099075100037
      },
      "max_reference_score": {
        "count": 4900,
        "mean": 0.16872678247783685,
        "min": -0.1425506311,
        "max": 0.5836290141,
        "std": 0.11174207780504972,
        "p01": -0.06393932017800001,
        "p05": -0.006535825374999999,
        "p10": 0.026339617810000004,
        "p25": 0.08806907765000001,
        "p50": 0.16724577359999998,
        "p75": 0.24321043225,
        "p90": 0.31556102348000004,
        "p95": 0.35940820582500005,
        "p99": 0.4407120961090001
      },
      "top2_average_score": {
        "count": 4900,
        "mean": 0.1586218250108574,
        "min": -0.1571344186,
        "max": 0.5631479868,
        "std": 0.1111537055203997,
        "p01": -0.071880873103,
        "p05": -0.014771722624999999,
        "p10": 0.01734806159,
        "p25": 0.07773540849999999,
        "p50": 0.15687918750000002,
        "p75": 0.23333820632500002,
        "p90": 0.3063943767900001,
        "p95": 0.347696906725,
        "p99": 0.42758864596800017
      },
      "centroid_plus_max_score": {
        "count": 4900,
        "mean": 0.1621878363362852,
        "min": -0.1578613986,
        "max": 0.5802182193,
        "std": 0.11326197062068705,
        "p01": -0.07342174597199999,
        "p05": -0.014425872425,
        "p10": 0.017897275450000003,
        "p25": 0.08014001642499999,
        "p50": 0.16042692190000002,
        "p75": 0.237984588775,
        "p90": 0.31202060609000004,
        "p95": 0.354601384415,
        "p99": 0.43261129251600045
      }
    }
  }
}